model,halt_ap,halt_recall,halt_f2,halt_brier_tscaled,battery_rmse
lstm,0.9132679871419668,0.8919540229885058,0.8559452900948599,0.2545836114799178,0.024006774309885
gru,0.9189687184104124,0.9045977011494252,0.896763901549681,0.2545775764343592,0.0276432914380719
transformer,0.9348013420161676,0.8827586206896552,0.8957312806158153,0.2553400468908523,0.1335663026628724
tcn,0.892253594945297,0.864367816091954,0.8175690367471189,0.2555892918542993,0.0585371946114561
