sensor_used,n_days,tail_battery_drop,min_battery,max_battery
SYNTH_NODE_058,1196,0.011253833770751953,3.68196439743042,3.705220222473145
