training,RMSE,R²,AUC,AP,F2,BS
LSTM MTL,0.024006774309885,0.8212212719760094,0.9404986205166792,0.9132679871419668,0.8559452900948599,0.3213765152963266
LSTM STL,0.0051301614382003,0.991835862930894,0.9392534876278942,0.9041519264040532,0.8470894874022589,0.3218061125601378
GRU MTL,0.0276432914380719,0.7629566759151354,0.9358437854060178,0.9189687184104124,0.896763901549681,0.3207142851993446
GRU STL,0.0066577382334656,0.9862500330208376,0.9590159570327704,0.9034036013251148,0.854100589034889,0.3242686471955465
TCN MTL,0.0585371946114561,-0.0629480362186698,0.9733452167821284,0.892253594945297,0.8175690367471189,0.3271100898111247
TCN STL,0.0461829927048881,0.3383742974041076,0.9664305890696488,0.8686523419692935,0.8150504607283896,0.330049298934088
Transformer MTL,0.1335663026628724,-4.534036663378735,0.9773413421205122,0.9348013420161676,0.8957312806158153,0.3314094890719382
Transformer STL,0.0403941323029524,0.493843531990629,0.951624313501639,0.9206805638320408,0.8961068878138678,0.3182185201223835
